Article,duration
406,53
121,47
265,69
227,107
56,34
279,33
59,61
99,19
162,66
408,74
27,8
340,9
430,57
306,23
306,5
322,22
454,4
152,7
152,2
50,6
423,31
3,23
86,39
265,2
446,4
124,21
265,17
446,23
124,26
63,92
213,39
267,93
442,23
133,32
302,22
198,30
164,40
264,7
253,7
441,5
112,8
112,16
79,15
4,14
4,6
449,12
263,17
38,26
117,44
251,109
222,108
436,10
457,20
308,80
143,157
320,36
40,47
434,12
260,39
72,8
72,46
260,7
72,12
408,20
81,22
446,30
63,62
258,199
121,68
133,7
302,21
198,5
198,3
164,23
253,37
112,16
79,20
4,18
449,17
38,20
117,27
117,45
251,12
222,13
436,20
111,12
457,39
143,17
320,22
40,44
40,102
421,54
424,17
402,23
452,41
28,86
142,33
307,20
141,38
141,25
376,18
327,26
146,53
275,31
277,59
16,11
365,7
285,7
200,12
286,8
167,14
48,46
367,10
269,17
233,11
47,39
19,56
265,15
117,6
251,8
436,17
111,7
308,13
143,43
320,18
40,13
28,11
170,20
311,19
138,35
141,22
254,22
113,11
178,30
263,76
297,6
211,37
211,4
183,54
183,3
4,160
195,20
35,12
68,193
79,92
294,103
2,68
208,23
434,14
434,3
253,10
264,8
198,6
257,15
97,19
164,21
337,107
250,20
250,7
442,59
213,43
406,56
406,12
265,62
56,57
63,13
56,31
227,88
279,38
59,22
121,6
406,35
265,12
121,26
45,36
45,7
344,52
386,69
284,77
236,14
40,26
213,57
81,12
63,52
227,91
227,7
56,20
279,58
375,43
410,44
251,41
265,65
446,21
124,194
124,2
446,13
63,12
63,4
213,10
267,13
442,25
133,32
253,17
121,16
121,20
99,62
375,28
128,98
121,19
265,2
121,40
265,36
306,37
408,0
406,3
121,90
408,166
322,75
306,24
430,40
340,12
27,20
408,80
162,74
99,141
59,242
454,28
423,109
3,30
86,67
105,91
81,0
105,5
86,33
213,17
267,133
133,5
133,10
302,42
117,72
251,28
117,12
251,17
222,80
251,12
251,4
251,1
117,14
222,9
93,15
436,17
111,12
143,17
457,57
40,99
421,85
189,69
189,10
40,36
189,20
452,64
142,153
22,23
307,15
344,92
284,36
275,85
446,91
124,12
213,22
442,7
302,51
167,34
285,49
447,82
365,15
392,15
167,18
19,255
265,57
446,54
213,216
308,283
265,9
147,33
138,0
143,7
430,4
419,140
210,66
139,30
362,22
211,8
85,43
160,56
45,15
82,0
452,51
82,41
279,64
340,0
87,96
38,16
375,139
123,10
123,106
263,261
205,57
117,76
176,10
140,46
195,40
320,0
56,119
322,0
306,18
430,47
430,1
430,0
168,167
125,4
397,3
275,217
227,142
452,83
442,294
124,0
124,1
227,0
406,6
406,21
121,22
265,154
265,26
227,9
56,65
279,34
279,10
279,4
59,48
99,7
162,26
408,48
340,7
419,18
267,23
258,9
391,5
409,4
259,3
441,10
190,7
117,51
93,8
228,49
308,39
147,5
209,16
307,30
42,13
61,2
433,4
214,2
383,7
440,9
64,8
7,13
246,3
242,10
242,4
372,2
62,15
130,7
62,7
109,7
268,28
262,10
19,0
406,37
121,28
265,48
227,143
56,51
279,47
59,46
99,21
162,20
408,54
27,13
340,7
430,37
430,3
340,1
430,4
306,23
306,1
306,1
430,2
306,4
322,20
322,8
454,5
152,7
152,2
50,8
50,2
152,5
105,3
86,3
152,1
50,1
423,2
50,3
423,29
3,36
3,3
86,25
105,35
81,36
105,10
81,11
81,2
81,2
210,24
210,2
256,12
256,4
446,17
446,8
124,58
63,9
446,10
124,26
124,4
124,3
63,36
213,59
419,43
419,3
267,25
442,22
15,10
358,19
358,1
250,20
133,5
133,13
258,9
360,3
258,4
360,27
360,2
41,13
41,4
404,9
337,9
74,2
337,2
74,12
74,2
74,3
157,13
166,3
175,4
175,3
166,6
157,5
432,21
282,5
165,4
387,8
112,7
166,6
175,6
419,1
419,1
157,8
157,30
166,4
175,7
220,5
302,26
302,3
255,5
378,10
97,14
97,2
97,1
378,4
97,4
400,9
400,1
400,2
332,7
198,7
391,5
391,1
409,7
409,3
89,4
89,8
301,2
89,2
301,24
89,3
301,2
304,7
304,1
164,12
164,2
259,4
259,4
259,2
164,4
259,5
196,3
391,7
164,12
164,2
391,2
89,6
400,8
198,7
264,7
264,2
253,8
264,4
198,2
264,14
264,6
264,6
253,6
253,3
253,1
434,5
434,8
434,4
116,14
441,2
116,8
441,3
190,5
190,4
196,13
196,2
223,5
193,10
193,2
193,2
112,31
112,2
223,9
223,187
223,2
129,15
223,1
129,1
155,11
155,3
155,2
191,12
155,1
191,6
193,1
193,7
112,9
193,2
112,14
112,5
112,1
115,5
80,4
80,2
180,4
180,4
196,5
196,4
294,8
294,8
366,7
366,4
366,2
362,7
362,2
2,11
2,6
387,6
387,3
79,7
182,3
60,5
219,6
219,2
150,4
54,13
54,3
54,2
102,8
135,4
132,3
139,8
139,2
422,3
422,3
88,4
393,2
260,7
260,3
195,8
195,6
371,9
371,3
135,19
135,2
35,5
68,2
35,1
68,7
314,4
422,2
314,4
422,6
1,4
1,4
4,7
211,2
4,2
211,2
4,12
211,4
108,16
108,4
108,2
183,9
183,1
183,13
183,4
221,12
221,3
95,4
381,9
95,2
221,10
95,5
381,11
165,6
165,3
217,4
78,10
78,2
161,3
282,6
183,5
381,6
9,2
165,5
72,4
181,4
289,13
289,7
385,3
5,4
203,4
351,5
92,3
318,3
354,4
412,7
412,2
203,3
341,1
289,2
341,8
289,10
426,4
232,8
232,3
73,4
388,3
385,4
385,2
168,26
73,1
388,1
385,2
168,4
449,6
263,14
449,5
263,2
123,34
123,1
38,14
38,2
87,61
87,1
375,19
119,12
382,17
245,19
241,6
67,46
67,2
67,3
128,18
128,2
324,8
324,2
8,15
8,4
127,15
336,19
240,28
240,5
240,5
125,21
103,9
110,12
44,206
240,47
240,2
240,4
125,4
118,41
70,197
305,148
448,92
225,143
23,8
356,2
356,4
356,57
34,36
273,24
30,33
30,3
30,1
273,2
30,4
330,22
330,2
91,56
159,20
159,2
335,20
6,4
6,8
6,5
65,23
33,7
230,3
357,40
199,19
276,6
276,5
394,8
331,65
76,20
299,13
299,2
415,8
37,13
37,4
75,8
315,3
438,17
359,10
309,6
416,11
187,7
83,3
292,12
292,3
184,4
338,27
231,2
338,1
231,9
231,3
151,6
51,33
51,7
51,6
364,11
379,9
379,5
144,9
144,2
300,2
53,5
295,6
202,10
130,12
130,4
62,8
428,5
109,8
243,5
268,8
268,1
262,6
19,4
262,6
268,3
243,1
262,4
19,24
268,16
268,18
268,1
262,16
19,61
19,3
84,7
84,3
47,26
47,2
233,9
233,3
269,16
269,1
239,4
367,8
278,4
278,3
29,4
48,45
48,3
270,43
270,3
350,5
432,74
432,1
25,10
26,9
11,10
11,2
418,15
185,7
185,3
207,10
207,2
58,14
58,4
167,24
167,2
10,4
174,3
174,2
287,3
244,2
286,7
158,4
200,9
420,4
77,3
458,5
411,4
444,4
447,7
69,3
43,5
413,8
31,2
303,2
14,4
431,3
122,2
18,34
18,2
450,6
374,16
98,30
98,20
98,16
98,3
98,1
66,90
66,1
104,11
104,7
32,12
32,3
237,3
24,5
368,3
370,5
370,6
313,3
313,2
101,3
101,2
192,27
192,2
131,3
57,3
46,2
435,4
403,3
266,5
285,10
365,4
16,6
277,6
82,14
82,4
137,3
71,5
20,6
36,6
397,10
372,4
349,3
107,4
107,4
194,10
194,3
171,17
171,5
363,18
169,3
407,8
407,16
342,9
90,8
238,10
238,4
348,14
348,2
321,8
456,5
296,5
42,8
134,6
61,3
433,4
214,6
383,4
440,11
440,1
64,6
440,16
440,104
64,12
7,23
7,2
246,6
242,31
242,4
439,2
293,50
293,3
271,14
145,3
145,78
145,80
145,2
136,6
399,9
261,68
261,3
55,35
55,3
390,5
390,5
154,8
154,2
218,7
247,12
329,7
94,15
94,18
396,9
392,4
275,6
146,1
319,16
319,3
352,7
156,8
156,3
425,6
425,5
425,9
425,3
425,5
96,4
96,14
96,4
215,4
445,10
445,7
215,3
445,4
204,6
173,3
323,10
323,1
179,64
179,2
229,4
333,39
355,8
334,11
334,2
398,6
21,18
21,2
178,11
178,3
178,2
113,11
178,1
113,1
254,7
346,5
389,5
453,32
248,4
284,3
290,10
327,16
376,4
141,2
369,53
235,11
345,3
326,2
386,5
138,3
311,7
405,9
405,2
344,3
172,2
170,2
429,34
429,3
52,9
226,3
216,7
188,12
188,3
224,15
120,5
307,15
22,7
142,2
186,3
28,17
28,3
106,3
395,4
39,2
274,1
339,2
149,3
401,22
377,2
343,3
343,2
177,10
414,12
414,5
414,2
212,1
212,7
212,1
212,2
45,12
45,3
160,8
85,3
347,12
163,4
201,20
201,1
148,6
452,19
100,17
402,8
189,12
424,6
206,2
421,4
40,5
40,2
40,107
320,10
126,11
353,2
236,3
209,2
312,15
147,19
288,10
288,2
308,9
437,15
283,19
17,9
328,9
316,17
457,21
111,7
111,3
436,5
93,3
222,3
251,4
117,7
310,13
310,2
451,1
451,7
361,11
361,2
12,7
384,62
384,43
114,6
427,4
205,4
417,207
417,250
417,2
176,69
280,33
280,7
249,253
249,3
140,4
410,193
410,2
298,4
44,11
110,107
110,1
103,69
103,2
125,7
125,2
123,6
240,1
336,38
432,13
145,23
399,2
136,1
145,26
160,6
406,9
121,0
265,123
227,0
56,100
279,17
59,23
99,3
162,15
408,95
322,9
306,3
306,1
306,3
430,22
454,14
152,14
50,48
423,45
3,57
86,91
105,71
81,79
446,96
124,0
419,0
406,7
121,10
265,6
227,4
227,3
56,9
279,4
59,5
99,5
162,114
59,50
121,20
265,7
265,1
265,2
227,24
56,15
279,25
59,28
99,10
162,9
408,27
27,8
340,12
430,16
306,139
322,2
322,1
322,9
419,5
454,10
152,11
50,12
50,2
50,2
423,43
3,31
86,0
86,2
86,3
105,13
81,23
210,23
446,30
63,0
256,10
306,9
322,4
340,11
430,12
306,0
406,221
121,5
121,99
265,73
227,67
227,10
227,11
56,27
279,28
59,39
162,33
306,10
322,12
63,59
419,49
384,19
322,63
306,21
430,30
406,88
121,48
265,51
227,33
56,50
279,90
59,73
162,34
408,54
27,13
340,9
430,3
306,10
322,45
454,8
152,14
50,15
50,5
423,53
3,21
86,44
105,41
81,53
210,64
256,15
446,43
124,67
124,3
63,15
213,44
419,46
267,39
442,42
15,14
15,2
358,21
358,2
358,4
250,23
250,20
133,5
250,2
133,21
133,3
258,38
133,3
258,3
360,23
41,21
41,6
404,32
404,3
337,1
337,14
337,1
74,18
74,2
157,30
157,2
175,33
175,3
166,20
166,11
220,10
302,31
302,10
255,11
378,89
302,4
255,5
255,3
378,4
378,3
378,2
97,20
97,2
400,100
97,5
400,5
400,6
332,8
198,10
391,20
409,7
391,3
198,5
332,8
198,6
391,7
409,8
89,13
301,17
301,3
304,9
164,16
259,11
259,9
259,4
259,4
391,6
164,6
89,5
400,23
193,27
112,14
193,12
223,9
190,17
116,13
434,10
253,11
387,16
2,17
362,8
366,7
182,7
182,4
182,1
182,4
79,24
182,4
60,7
60,5
219,13
54,10
102,8
135,6
132,5
139,10
422,10
88,7
393,4
260,11
195,15
195,5
371,6
135,6
35,8
68,25
314,10
422,7
1,6
4,18
211,9
108,36
183,13
221,25
221,3
95,5
95,2
95,1
381,14
165,10
165,5
217,5
78,11
161,5
282,7
183,13
381,7
9,5
165,17
165,2
72,38
72,2
181,8
289,15
385,9
5,13
203,10
351,16
351,7
351,5
92,5
318,9
354,6
412,13
203,4
341,15
289,11
426,11
232,28
73,6
388,5
385,5
168,53
449,10
263,18
263,3
123,50
38,3
38,2
87,6
87,3
375,5
119,23
240,20
123,13
38,27
87,62
375,38
119,27
382,31
245,12
241,13
67,20
128,20
324,8
240,56
336,11
384,19
125,29
103,40
110,9
44,10
298,26
410,10
140,27
249,13
176,6
176,2
417,16
205,12
427,51
427,5
114,41
384,7
12,109
361,14
451,47
117,39
310,5
117,53
222,50
93,15
316,91
328,24
283,6
228,69
308,55
308,6
288,14
143,130
147,80
209,19
40,82
206,20
421,26
320,39
189,12
201,25
163,48
347,6
85,23
160,7
45,15
212,81
414,33
177,52
343,8
377,6
401,3
401,3
149,34
339,20
395,18
28,106
307,93
120,13
345,24
21,16
261,47
136,39
42,20
57,21
77,27
77,19
432,49
268,76
331,24
330,15
263,14
406,110
121,21
406,92
121,10
99,32
423,34
108,15
375,9
119,21
369,20
235,79
131,8
192,7
82,40
374,22
66,17
435,13
11,6
185,28
167,53
200,7
444,26
69,12
43,26
374,23
285,13
16,24
82,43
137,25
372,28
349,11
107,15
160,31
408,10
430,4
152,22
3,44
442,62
337,13
175,13
116,42
190,36
78,17
168,36
285,42
365,5
16,21
16,16
7,31
242,31
199,18
187,12
262,14
47,26
413,30
303,12
313,23
344,68
254,51
154,49
271,43
59,22
99,7
125,27
44,24
86,19
267,28
302,20
164,10
265,1
124,11
213,15
442,24
198,0
253,39
441,11
112,12
40,29
320,74
143,43
40,9
308,15
452,11
421,50
447,20
26,20
19,66
200,29
200,7
286,14
19,21
86,15
267,8
133,5
133,5
222,20
93,28
251,24
22,19
333,12
275,24
275,8
275,3
392,6
396,20
396,5
383,17
214,13
61,13
447,10
456,12
320,13
424,11
395,17
284,19
149,42
339,9
396,30
154,13
261,18
167,10
374,10
365,17
452,10
319,6
308,7
188,33
216,56
216,3
445,27
284,20
228,44
188,7
216,0
265,10
227,13
56,18
336,47
291,8
87,50
375,25
336,8
213,41
442,36
198,26
198,8
396,35
147,89
336,298
40,21
265,23
349,10
374,5
315,45
43,16
19,55
146,15
121,9
265,14
227,74
81,45
47,252
56,13
279,19
162,38
408,6
27,9
306,6
322,0
406,8
227,143
442,7
434,10
427,23
162,38
408,20
322,11
423,74
3,11
81,11
2,9
434,0
198,25
227,50
227,129
162,49
27,8
50,7
3,15
86,18
81,88
50,12
27,6
227,3
162,6
408,75
3,11
86,27
3,70
81,44
81,61
164,28
406,7
121,54
265,43
265,14
227,206
56,135
50,5
3,14
112,4
322,8
306,10
340,6
27,4
408,12
454,4
152,5
50,5
423,9
3,8
86,21
105,30
81,31
210,0
406,0
265,52
265,6
227,0
227,0
56,25
279,0
408,116
406,9
121,14
265,22
227,18
56,51
99,2
99,57
59,3
99,9
121,1
265,44
265,1
227,12
56,39
406,11
265,15
408,2
81,20
110,60
328,44
308,63
265,36
308,4
265,24
117,43
436,6
147,134
320,43
251,156
222,17
436,56
182,12
60,3
54,4
68,11
443,9
35,11
195,14
195,1
195,1
35,2
195,6
219,17
291,6
314,23
117,25
251,15
192,32
46,17
429,22
52,4
436,61
251,9
117,17
143,14
81,33
446,90
419,70
267,71
264,24
112,47
79,22
221,18
78,8
165,9
289,80
5,16
227,21
279,6
408,6
81,21
210,15
446,45
103,36
446,46
213,110
442,16
302,111
164,23
253,14
240,6
384,30
114,3
205,30
176,6
283,102
328,3
17,7
283,2
228,58
437,7
308,42
288,10
143,63
147,14
209,32
236,2
353,6
320,73
40,5
421,11
148,17
201,19
163,1
85,31
160,7
45,10
212,20
343,15
377,5
401,11
149,72
339,6
274,2
39,2
395,7
106,11
377,4
401,36
343,4
401,18
307,16
172,6
311,10
254,13
235,29
141,22
425,1
146,19
396,26
40,31
437,2
228,42
265,8
308,8
265,52
308,25
138,5
334,5
215,2
143,41
307,24
28,25
227,4
56,2
279,4
59,14
59,4
99,3
162,11
408,29
27,7
322,11
454,3
423,2
3,8
81,103
446,0
213,64
419,0
267,0
133,4
74,6
166,7
255,6
259,6
112,6
193,7
195,4
4,5
1,254
87,33
38,11
336,50
249,12
382,11
87,0
123,4
263,0
5,6
351,10
385,9
388,4
73,15
232,16
426,10
289,12
341,5
203,23
203,2
412,116
341,3
289,0
385,10
385,4
388,9
73,2
232,3
426,3
289,2
341,1
203,2
412,2
354,3
318,1
92,3
195,5
1,3
422,9
314,5
68,16
35,3
135,7
371,6
195,8
260,13
393,3
88,8
422,16
422,2
139,11
132,4
135,6
102,5
54,1
150,35
219,2
60,1
182,2
79,8
219,2
150,1
54,2
102,1
135,1
132,2
139,2
422,1
88,1
393,2
260,1
195,2
422,2
139,2
132,26
422,2
132,2
135,2
102,40
132,1
135,10
135,2
132,1
139,2
422,1
88,2
393,2
260,2
195,1
371,2
135,4
35,3
260,1
393,1
88,9
406,0
408,41
406,14
408,31
121,57
265,201
227,32
56,38
279,19
59,53
99,37
162,67
408,19
27,10
340,8
430,25
306,10
322,43
149,79
406,8
454,5
152,13
50,17
423,27
3,33
86,45
105,35
81,49
210,49
256,8
446,80
63,72
213,18
267,85
267,17
79,10
421,28
79,3
265,46
441,10
112,55
384,24
352,11
136,34
118,26
406,48
99,39
408,51
322,11
454,3
152,47
86,14
227,40
5,14
412,9
105,51
86,16
210,15
256,43
78,21
217,7
221,11
211,7
95,6
108,30
165,12
221,4
282,17
95,4
297,7
72,7
426,11
49,9
73,9
92,7
181,0
406,5
121,2
265,15
406,0
406,143
406,0
56,0
406,35
56,17
81,246
81,2
240,47
81,11
378,63
54,11
406,154
227,33
121,0
86,40
221,14
325,11
221,4
325,2
8,27
457,147
268,30
194,9
47,76
40,21
251,17
265,1
265,1
265,37
86,4
221,9
325,22
325,21
457,5
307,62
452,0
432,4
86,8
262,2
268,165
262,15
47,0
367,50
278,16
319,0
133,87
87,0
38,53
38,2
123,28
263,16
449,43
49,28
341,86
426,48
341,7
341,5
351,4
426,7
351,26
351,4
351,3
412,6
412,1
412,2
412,1
351,1
412,2
181,0
181,1
181,3
181,2
354,26
203,21
388,18
232,30
385,7
272,275
385,2
272,2
73,7
73,1
92,14
289,50
289,3
318,24
318,2
5,11
380,9
72,92
72,3
297,15
297,2
108,31
108,1
108,3
373,7
217,6
217,3
381,14
381,4
221,175
221,3
211,52
221,5
211,6
183,1
9,2
183,137
183,2
9,6
9,3
161,0
161,32
95,6
78,96
78,1
165,6
325,26
78,5
95,16
161,2
95,4
78,3
165,34
325,14
282,34
325,7
282,5
4,0
408,44
27,16
3,24
81,27
267,87
133,235
164,40
198,17
253,18
253,42
205,24
176,8
298,47
38,13
40,56
376,17
162,19
3,11
3,6
35,9
240,37
265,98
56,19
265,3
56,4
162,32
124,33
63,74
213,20
442,23
133,10
446,18
265,43
121,60
265,108
265,0
265,22
56,113
279,41
265,21
308,11
59,62
162,28
408,170
408,14
430,10
340,3
27,8
3,79
408,55
260,28
393,6
195,18
351,36
17,109
328,11
316,6
457,0
320,39
40,0
126,23
120,27
22,29
326,61
399,0
419,35
267,101
442,98
15,151
358,25
250,13
133,23
258,7
400,23
89,158
306,23
165,8
240,0
336,0
8,38
324,65
176,17
44,0
384,113
17,32
283,246
283,5
17,6
40,0
408,28
306,54
227,13
322,8
152,13
227,77
56,32
279,4
279,4
59,37
279,6
99,14
162,66
408,25
27,14
430,46
306,22
152,6
454,4
50,2
423,9
3,29
105,74
86,41
81,27
256,16
256,1
256,2
256,5
210,19
3,4
105,48
86,20
86,6
210,12
256,4
78,8
211,18
282,10
183,7
221,36
282,2
95,7
297,9
49,3
92,2
181,3
232,7
289,16
221,5
8,17
86,21
262,5
268,59
262,5
47,42
268,30
262,16
47,118
47,6
233,7
367,49
432,2
278,6
233,28
47,12
367,11
278,10
278,3
432,31
319,50
179,32
307,2
179,32
307,1
452,56
457,31
8,9
325,5
221,12
452,4
148,22
347,12
367,7
365,27
16,15
392,53
269,27
47,46
19,94
447,42
43,12
71,44
395,13
149,29
149,6
81,0
59,15
322,10
110,29
103,29
169,35
171,46
227,22
406,90
340,8
340,2
430,19
322,35
56,15
121,39
265,14
279,11
59,6
99,13
408,15
27,0
340,2
430,9
3,17
446,248
442,26
302,68
182,7
140,31
213,0
168,46
108,0
265,0
406,10
63,0
38,50
263,5
38,13
263,69
263,4
38,25
38,1
87,128
38,1
123,0
87,23
263,85
449,4
263,4
449,5
168,13
385,23
388,12
73,12
232,27
426,29
289,19
289,3
341,10
341,1
203,35
203,1
412,23
412,5
203,1
412,3
354,8
318,3
318,2
92,8
217,12
351,15
203,7
5,11
385,16
385,3
289,19
289,3
289,1
181,12
181,2
72,31
72,3
181,3
165,7
9,7
381,46
381,3
183,17
183,4
282,5
282,2
282,1
183,4
282,7
161,6
78,14
78,2
217,6
217,2
165,3
381,7
95,4
221,9
183,10
108,29
108,5
211,12
211,2
4,23
1,11
1,13
422,7
314,10
314,2
314,2
68,88
68,2
35,8
135,6
371,16
195,19
260,32
393,3
88,6
422,4
139,13
139,2
132,7
135,3
102,10
54,21
54,3
150,6
219,8
60,15
219,5
60,2
182,8
79,25
79,7
387,239
191,9
127,19
8,12
324,17
324,2
128,5
67,22
241,13
245,6
382,10
119,15
375,49
87,40
265,11
227,23
322,9
306,12
430,20
430,3
430,3
340,8
27,0
408,2
27,5
340,3
430,33
340,5
27,0
265,138
56,6
406,191
265,8
227,128
56,45
279,23
59,107
162,64
408,44
59,25
99,52
162,69
408,6
162,8
408,26
27,11
340,7
430,28
306,26
322,27
454,5
152,11
50,4
423,39
3,17
50,2
423,4
3,4
86,40
105,67
86,12
81,36
210,32
256,7
210,12
256,2
446,48
124,11
63,13
213,81
63,1
213,5
419,88
419,1
267,89
442,10
267,5
442,112
15,10
358,23
250,37
133,43
133,2
258,18
258,10
360,34
41,19
404,24
404,6
74,19
157,15
157,4
175,14
166,8
301,9
304,11
164,22
259,8
391,6
164,4
89,7
400,26
89,12
400,4
198,8
264,15
253,18
434,2
116,8
441,9
190,22
196,9
223,5
193,3
112,5
193,34
112,13
223,4
228,9
36,89
179,23
179,2
179,28
167,53
265,7
446,42
279,48
56,27
279,8
59,36
27,10
50,22
454,7
3,12
4,39
267,5
442,63
133,6
41,59
74,9
258,20
133,18
89,10
391,10
400,43
97,15
455,29
409,8
400,18
227,60
56,7
56,7
279,19
105,7
423,39
56,5
279,25
99,26
99,2
162,20
105,30
50,10
152,15
454,27
454,4
81,13
210,4
251,41
222,57
436,20
143,85
40,53
452,52
327,0
419,99
157,10
362,7
123,64
41,1
387,4
443,7
157,4
362,6
362,3
123,84
387,1
41,133
406,37
227,165
59,0
314,11
168,28
78,11
314,3
190,6
116,10
264,14
74,10
360,16
175,7
337,9
442,57
3,46
152,33
430,20
408,42
279,24
56,4
279,5
59,52
408,23
419,1
63,64
446,9
256,9
81,6
105,10
86,25
3,10
423,24
267,77
442,5
15,5
358,28
15,2
442,9
358,15
358,7
250,8
220,2
302,33
302,20
265,38
446,16
253,16
424,10
251,100
222,38
436,32
111,14
111,4
111,3
457,27
308,47
265,27
265,16
308,18
143,101
320,20
40,10
421,23
402,19
452,46
275,12
277,43
16,11
19,49
47,83
278,9
367,41
367,17
239,8
406,79
336,39
169,41
363,39
169,7
171,22
363,39
334,16
138,18
143,18
40,23
148,33
148,11
40,25
121,47
265,8
117,7
251,7
251,4
235,28
141,6
355,42
398,35
275,19
154,16
261,23
261,3
378,42
291,6
375,25
128,9
110,47
149,21
395,71
358,41
259,23
259,1
260,14
260,2
219,28
219,59
143,116
147,20
143,1
452,51
372,6
349,4
160,2
107,12
137,55
16,23
16,20
66,17
66,6
403,27
82,5
269,19
47,15
157,31
211,5
157,0
443,94
157,25
211,14
211,90
422,6
1,11
443,4
422,7
393,4
371,5
314,44
1,8
422,10
422,2
422,2
393,8
393,2
371,7
371,4
314,10
314,3
182,10
35,9
35,1
54,10
54,2
60,5
60,2
68,9
88,8
88,1
88,1
102,7
102,2
132,7
135,9
135,1
260,3
260,2
139,14
150,8
150,2
195,12
195,2
219,8
219,1
291,12
291,185
351,15
334,13
59,26
341,73
341,2
351,10
334,4
334,3
334,1
59,108
59,4
99,5
423,70
423,5
446,25
446,4
124,0
406,66
322,30
306,17
430,6
306,4
430,23
340,7
27,9
430,7
340,6
27,1
340,3
27,3
408,25
27,4
408,5
162,53
162,7
162,1
162,3
99,89
99,2
59,7
279,79
56,28
227,74
406,0
121,5
121,140
227,5
279,22
227,20
454,23
56,27
222,143
436,96
111,5
436,4
111,7
143,0
209,63
353,6
320,110
40,230
395,101
395,6
345,98
326,27
345,9
141,15
138,26
386,20
268,108
268,5
47,77
265,2
227,34
298,75
327,176
365,69
410,27
140,15
140,4
417,10
417,4
205,11
117,14
251,106
222,37
436,16
143,105
147,10
334,28
178,26
284,20
238,41
348,8
348,3
42,82
348,2
42,4
406,140
121,111
265,154
227,52
56,25
279,215
99,15
162,113
162,8
408,8
322,26
193,36
196,20
193,25
112,55
193,4
112,8
223,4
387,26
2,116
366,30
294,39
79,6
223,7
129,54
155,43
191,52
193,0
112,165
115,32
80,85
180,72
196,107
294,97
294,6
366,25
366,4
362,22
2,234
362,4
2,10
2,3
387,0
387,14
362,4
366,4
366,1
294,5
223,4
129,6
155,11
191,0
227,0
59,22
430,29
423,61
81,71
81,9
446,48
423,24
59,5
99,56
63,22
442,29
250,21
264,27
434,10
434,6
2,18
56,7
279,15
59,14
99,29
408,18
406,11
121,9
227,8
59,9
430,37
408,82
430,23
423,20
446,12
430,8
99,20
423,18
81,19
446,24
124,22
213,28
2,49
442,27
317,8
255,15
441,23
139,6
443,11
87,39
38,56
123,42
263,30
449,10
168,23
49,19
87,14
123,71
263,17
263,3
168,13
49,7
412,18
272,17
289,30
272,3
289,2
388,24
92,25
232,13
380,11
203,6
203,2
73,4
354,9
351,28
341,8
181,18
426,6
5,1
426,39
446,43
213,26
213,4
265,12
227,10
419,29
263,49
87,10
237,37
87,15
87,6
168,59
449,15
408,22
362,10
427,6
419,15
419,51
198,24
198,5
97,15
234,6
257,6
302,78
358,18
74,13
404,9
250,16
250,2
337,11
250,2
175,15
175,2
175,2
41,19
41,3
166,7
133,5
133,3
253,12
264,6
391,6
317,14
164,9
332,5
27,16
340,7
430,17
340,3
430,2
442,32
442,2
133,36
175,110
15,42
258,10
250,10
404,9
358,15
220,7
41,50
74,6
166,3
302,3
56,23
222,21
147,41
265,18
320,56
320,8
312,13
320,26
452,2
28,53
248,19
284,18
201,17
163,9
19,9
40,27
72,9
272,5
442,7
41,9
387,7
180,88
387,11
388,10
99,5
446,7
213,1
63,4
442,4
378,24
255,6
378,17
135,5
139,0
265,44
406,24
265,14
265,7
81,46
63,17
213,27
45,14
344,23
386,53
284,34
113,1
398,29
94,42
218,53
383,23
36,19
56,6
27,5
306,3
86,16
446,42
442,16
133,20
264,11
253,21
79,13
195,8
4,5
222,18
288,3
147,12
312,12
206,9
424,15
402,3
452,51
163,9
347,16
395,20
186,5
120,5
172,5
326,12
345,7
290,25
453,10
21,7
229,5
179,20
390,5
261,11
456,2
348,5
238,6
20,12
71,10
27,2
306,3
86,10
446,20
133,13
195,6
312,13
201,4
163,7
347,5
452,43
40,35
398,2
179,39
265,183
227,21
279,16
408,24
322,8
419,20
454,3
152,4
50,7
3,5
86,14
210,19
213,14
267,228
208,13
114,13
111,5
143,26
209,30
421,20
106,61
146,29
396,11
397,14
136,30
136,4
145,7
271,19
293,9
242,97
162,0
227,26
148,12
85,7
149,11
227,13
87,65
38,10
123,57
263,32
168,35
49,5
341,4
426,13
351,12
412,9
181,11
354,5
203,6
388,5
232,11
385,7
272,5
73,3
92,3
289,10
289,2
289,3
318,6
5,11
380,10
72,2
297,18
297,2
297,2
108,16
373,4
217,5
381,11
221,11
211,5
183,11
9,4
161,3
95,4
165,4
325,5
282,9
4,57
382,9
103,43
110,3
446,9
358,5
193,10
168,10
87,5
382,16
67,16
127,3
336,39
406,19
419,45
157,34
129,8
283,10
17,9
328,7
316,18
123,28
40,12
277,5
365,20
406,41
121,52
265,68
227,140
56,21
279,39
59,42
99,25
162,24
408,112
27,6
340,5
430,28
322,36
306,9
322,5
454,4
152,11
50,5
423,33
3,16
86,28
105,31
81,31
210,10
256,5
446,179
347,257
117,16
40,0
424,88
452,66
28,237
360,243
360,1
43,21
19,104
265,8
446,62
375,34
87,123
38,46
123,145
263,22
449,125
168,19
385,174
385,3
388,57
388,4
73,52
73,2
232,40
426,10
289,3
426,4
289,0
341,8
203,7
412,13
354,0
263,1
87,129
87,2
87,41
63,8
116,51
377,50
401,48
377,22
343,120
406,20
121,10
265,0
437,83
228,0
406,19
227,0
56,28
279,37
59,48
99,81
162,35
408,24
27,18
340,10
430,29
175,32
258,5
87,26
382,5
87,8
340,5
430,12
27,9
340,9
406,23
121,14
265,24
279,12
162,18
408,11
306,9
322,12
454,4
152,8
50,6
423,9
3,4
86,36
105,34
105,3
86,8
210,32
256,19
95,90
81,103
40,68
452,12
148,8
163,14
40,73
265,21
124,23
446,9
213,13
267,9
112,46
79,14
449,0
265,19
336,191
90,8
35,12
54,10
60,5
68,44
68,3
88,9
102,50
132,28
135,28
260,41
139,19
150,24
150,3
443,29
443,4
393,31
393,3
422,34
393,5
422,3
195,77
195,1
219,19
219,2
291,6
314,22
314,2
371,20
1,18
1,4
1,3
66,23
227,17
56,15
279,8
59,15
99,6
162,9
408,8
408,10
27,42
340,14
430,53
430,8
306,7
340,2
430,2
166,42
133,48
133,3
133,5
157,34
157,2
175,23
15,31
220,7
258,31
258,3
250,47
250,3
404,32
258,2
250,3
404,2
337,13
337,2
360,26
337,3
360,3
41,20
360,2
41,3
74,16
358,54
358,2
66,2
358,0
121,35
265,8
227,0
40,21
452,9
148,174
201,6
163,0
328,14
316,11
310,18
451,4
361,9
280,26
110,31
103,27
240,24
336,12
8,8
324,0
406,57
121,9
265,24
162,12
162,4
227,1
408,9
227,3
408,1
81,38
27,4
50,11
3,13
86,47
86,2
221,21
86,15
221,18
325,6
8,17
457,42
452,78
307,2
179,35
40,4
452,6
148,24
201,4
163,5
347,5
452,7
146,14
239,12
163,3
347,13
86,12
3,43
162,5
86,11
282,5
282,2
78,4
221,5
95,3
108,23
108,9
9,3
165,2
161,3
297,9
217,3
297,2
217,5
183,6
211,3
325,9
86,12
221,2
307,9
278,22
47,49
268,10
86,8
86,13
221,5
86,2
105,1
86,32
105,74
322,13
423,25
3,5
408,7
81,7
56,6
27,4
306,5
86,8
446,2
442,2
133,19
442,13
264,26
446,6
124,4
213,19
253,9
4,4
449,17
265,7
40,17
117,18
251,3
111,5
320,17
421,31
406,51
121,3
227,3
265,11
227,8
56,15
279,14
59,15
99,14
162,15
408,89
27,1
340,4
430,7
340,3
430,1
340,2
430,6
446,74
74,13
430,8
340,9
27,5
430,2
340,2
442,6
227,7
56,4
279,21
228,2
406,2
56,11
56,1
279,5
302,12
457,6
285,23
16,3
397,2
349,1
107,2
407,2
134,10
134,194
121,1
121,9
227,17
265,6
59,8
99,183
320,100
265,49
265,1
308,10
19,43
47,106
233,26
430,1
442,3
250,2
53,2
134,5
249,53
302,16
358,2
337,4
404,14
358,2
337,1
404,3
404,1
250,2
258,2
220,1
15,4
175,2
157,1
133,2
166,2
430,14
166,2
74,1
41,3
41,2
74,1
74,10
360,15
360,2
358,3
360,2
358,3
358,3
337,26
337,1
337,3
404,9
404,2
250,3
250,2
258,8
258,2
220,8
15,14
220,2
15,4
15,1
175,10
157,2
157,6
157,2
133,40
157,2
133,4
166,10
166,2
430,41
340,2
27,4
430,17
430,1
430,1
166,2
27,2
166,11
27,38
105,22
86,6
282,9
282,3
78,10
221,13
221,1
95,3
108,32
336,5
280,9
451,29
12,27
280,18
110,25
406,18
121,7
406,8
121,3
265,6
121,2
59,3
279,1
56,2
56,3
227,3
265,3
121,4
406,26
265,1
227,4
265,2
124,36
63,9
240,78
336,64
336,5
127,161
67,26
67,1
67,2
382,4
87,3
168,22
168,3
193,53
358,15
358,2
63,8
446,121
360,100
265,10
227,3
265,25
87,14
63,218
210,10
426,20
412,8
426,2
232,6
211,9
211,3
221,6
221,2
443,13
443,3
139,5
139,1
443,2
139,3
139,1
362,2
139,1
387,24
139,4
79,71
423,1
423,1
79,4
182,3
150,3
102,0
401,12
377,4
343,6
401,1
343,75
43,7
419,1
259,3
387,2
387,0
159,9
331,7
438,12
438,1
359,13
359,2
309,10
416,14
83,4
268,9
268,1
19,24
363,24
140,6
437,18
227,36
227,3
408,0
99,120
279,83
406,128
430,31
63,97
213,39
419,96
15,8
442,36
15,3
15,3
15,4
358,8
250,59
267,58
423,18
50,10
454,11
3,13
86,84
454,5
152,195
86,72
175,11
166,11
164,61
165,0
227,288
265,169
121,123
406,210
260,60
72,27
72,155
408,99
446,2
124,3
63,5
260,5
72,20
325,6
233,10
262,7
47,10
367,5
432,5
167,6
374,9
285,13
238,34
307,94
452,18
457,30
8,17
72,16
221,33
72,2
221,3
217,19
217,5
325,19
211,26
183,29
183,3
217,6
183,3
297,30
297,2
297,2
161,5
165,20
165,2
9,19
9,3
108,1
108,1
108,2
95,9
95,3
221,11
78,36
78,4
282,13
86,36
86,4
105,113
86,24
105,32
86,43
406,0
406,50
430,32
423,84
423,1
279,36
267,42
302,8
265,22
265,23
94,79
45,15
213,38
344,9
383,10
56,3
279,14
222,33
228,8
143,63
312,6
337,5
121,46
369,51
251,11
436,10
308,23
167,35
47,25
269,30
269,7
40,27
146,40
265,31
254,32
396,45
432,18
25,5
26,165
419,23
213,66
193,12
193,2
223,6
196,10
190,9
8,18
128,31
87,34
123,69
129,7
362,3
123,2
210,60
443,32
221,30
211,12
232,15
5,6
426,12
412,7
412,3
141,19
118,8
227,45
56,10
59,39
59,4
99,47
99,5
442,77
41,34
325,12
325,2
72,24
412,19
426,14
227,15
56,14
40,85
430,4
74,3
41,3
340,11
133,2
157,2
175,3
15,5
220,2
15,7
258,3
250,5
404,4
337,2
358,8
41,2
74,2
256,5
2,18
71,22
19,36
269,46
47,31
157,5
41,11
400,14
387,7
387,2
387,2
362,5
139,48
157,5
133,2
166,11
133,42
41,10
41,2
358,9
423,4
3,4
213,2
442,63
406,7
68,13
68,2
219,9
358,5
127,9
241,7
87,16
168,75
155,13
112,4
80,24
112,1
112,2
80,2
155,3
153,13
115,12
294,23
294,2
129,10
322,5
213,10
446,5
81,15
442,5
164,18
198,7
332,1
400,13
97,6
378,5
441,7
116,49
195,5
165,9
95,9
221,3
183,16
108,4
211,6
4,4
1,22
422,9
314,11
68,38
35,5
135,7
371,11
35,5
54,9
60,4
68,3
88,10
102,6
132,2
135,2
260,6
139,9
150,5
195,11
195,2
291,3
314,13
371,6
393,4
422,2
443,56
443,2
1,3
1,2
182,9
454,4
105,49
105,4
105,3
105,1
454,2
86,19
210,7
256,6
210,2
256,2
250,7
358,9
193,7
358,5
343,15
401,20
40,25
99,28
423,24
68,16
245,35
241,19
139,4
412,1
426,14
426,14
426,5
426,3
406,24
363,45
194,8
169,13
360,19
317,6
54,6
149,19
395,19
112,103
253,68
198,23
198,18
164,46
302,100
133,67
267,64
81,140
86,38
3,16
50,13
27,9
408,82
162,32
227,165
406,287
121,3
121,1
121,53
265,91
227,206
56,55
279,73
59,50
99,199
162,67
408,95
27,13
340,10
430,60
306,18
322,27
454,19
423,26
3,0
86,61
105,151
81,160
446,93
124,99
63,37
267,72
442,22
15,17
358,54
250,60
133,256
406,0
121,103
265,145
227,281
56,11
279,38
59,0
99,41
162,52
408,268
27,4
340,3
430,16
306,12
322,8
454,4
423,159
3,0
423,13
3,23
86,41
105,31
81,0
406,254
265,19
56,61
227,39
406,41
121,0
210,3
446,50
391,52
89,0